{"cameraMode":{"drawMode":0,"name":"Shaded","section":"Shading Mode"},"sceneLighting":true,"audioPlay":false,"sceneViewState":{"m_AlwaysRefresh":false,"showFog":true,"showSkybox":true,"showFlares":true,"showImageEffects":true,"showParticleSystems":true,"showVisualEffectGraphs":true,"m_FxEnabled":true},"in2DMode":false,"pivot":{"x":2.7738356590270998,"y":17.16559600830078,"z":164.0175018310547},"rotation":{"x":0.011076809838414193,"y":-0.9227104187011719,"z":0.38448166847229006,"w":0.0265852939337492},"size":9.090550422668457,"orthographic":false}