{"cameraMode":{"drawMode":0,"name":"Shaded","section":"Shading Mode"},"sceneLighting":false,"audioPlay":false,"sceneViewState":{"m_AlwaysRefresh":false,"showFog":true,"showSkybox":false,"showFlares":true,"showImageEffects":true,"showParticleSystems":true,"showVisualEffectGraphs":true,"m_FxEnabled":true},"in2DMode":false,"pivot":{"x":0.11830350011587143,"y":0.2195788025856018,"z":-0.09229045361280441},"rotation":{"x":-0.06470470130443573,"y":0.44377991557121279,"z":-0.032140616327524188,"w":-0.8932449817657471},"size":0.3464101552963257,"orthographic":false}