{"cameraMode":{"drawMode":0,"name":"Shaded","section":"Shading Mode"},"sceneLighting":true,"audioPlay":false,"sceneViewState":{"m_AlwaysRefresh":false,"showFog":true,"showSkybox":true,"showFlares":true,"showImageEffects":true,"showParticleSystems":true,"showVisualEffectGraphs":true,"m_FxEnabled":true},"in2DMode":false,"pivot":{"x":11.71759033203125,"y":3.739408493041992,"z":0.42873382568359377},"rotation":{"x":-0.00022973651357460767,"y":0.9989320039749146,"z":-0.004803784657269716,"w":-0.04650076478719711},"size":16.989294052124025,"orthographic":false}