{"cameraMode":{"drawMode":0,"name":"Shaded","section":"Shading Mode"},"sceneLighting":true,"audioPlay":false,"sceneViewState":{"m_AlwaysRefresh":false,"showFog":true,"showSkybox":true,"showFlares":true,"showImageEffects":true,"showParticleSystems":true,"showVisualEffectGraphs":true,"m_FxEnabled":true},"in2DMode":false,"pivot":{"x":-3.9754953384399416,"y":-0.21188020706176759,"z":161.24420166015626},"rotation":{"x":-0.5086431503295898,"y":-0.04233762249350548,"z":0.02506636083126068,"w":-0.8596019744873047},"size":7.166975021362305,"orthographic":false}