{"cameraMode":{"drawMode":0,"name":"Shaded","section":"Shading Mode"},"sceneLighting":true,"audioPlay":false,"sceneViewState":{"m_AlwaysRefresh":false,"showFog":true,"showSkybox":true,"showFlares":true,"showImageEffects":true,"showParticleSystems":true,"showVisualEffectGraphs":true,"m_FxEnabled":true},"in2DMode":false,"pivot":{"x":2.700129747390747,"y":1.6167643070220948,"z":1.2293671369552613},"rotation":{"x":0.15571194887161256,"y":0.6246166825294495,"z":-0.12870198488235475,"w":0.7544515132904053},"size":1.1826224327087403,"orthographic":false}