{"cameraMode":{"drawMode":0,"name":"Shaded","section":"Shading Mode"},"sceneLighting":false,"audioPlay":false,"sceneViewState":{"m_AlwaysRefresh":false,"showFog":true,"showSkybox":false,"showFlares":true,"showImageEffects":true,"showParticleSystems":true,"showVisualEffectGraphs":true,"m_FxEnabled":true},"in2DMode":false,"pivot":{"x":0.0601462759077549,"y":-0.002924189902842045,"z":0.012763290666043759},"rotation":{"x":0.2247772216796875,"y":0.7106032371520996,"z":-0.26019802689552309,"w":0.6138812899589539},"size":0.34641018509864809,"orthographic":false}